1063595527697248256,âµ£ Hajj Marwane Officiel âµ£,2018-11-17 00:51:49,Vous vous rapplez du drive bye de Molenbeek et bah les enquÃªteurs soupÃ§onnent la Mocro Maffia ... qd jâ€™en parlais eâ€¦ https://t.co/zKz8ZHF9Oc,Nador
1063595296951808000,Adi GonzÃ¡lez Carlos,2018-11-17 00:50:54,No puedo creer que estoy en Ãfrica ğŸ™ƒ,Marrakesh Medina
1063594416781344768,âµ£ Hajj Marwane Officiel âµ£,2018-11-17 00:47:24,Quand jvous dis que le phÃ©nomÃ¨ne prend de lâ€™ampleur .. https://t.co/j4DDUP79Lu,Nador
1063594141161009154,inst: danisouza17  â™’,2018-11-17 00:46:18,1:49 aqui no Marrocos quero dormi esse povo dx nÃ£o dx crl crl crl,Sidi Belyout
1063593547948048386,"Nicoa Dunne, Coach",2018-11-17 00:43:57,@DRobersonPE @FannyBriceNY Hahaha it was definitely an experience!!,Marrakesh Medina
1063592694331686912,Chankai au! ğŸ“Œ,2018-11-17 00:40:33,@Ioeystudio_ Laughing at couscous which is a dish lol,Mohammedia
1063592509136388097,âµ£ Hajj Marwane Officiel âµ£,2018-11-17 00:39:49,Mais chuuuut sinn ils vont encore dire Â«Â tâ€™as le ğŸ‡§ğŸ‡ªÂ Â» ! Quand tâ€™as la FIFA avc toi tu peux pas perdre câ€™est la loiâ€¦ https://t.co/2LPSy1py4F,Nador
1063592186988646400,Samir Zaki,2018-11-17 00:38:32,"ØµÙˆØª Ù…Ø§ Ø¨Ø¯Ø§Ø®Ù„ÙŠ ÙŠØ·Ù„Ø¨ Ù…Ù†ÙŠ Ø£Ù† Ø£Ù‚ÙˆÙ… Ø¨Ø§Ù„ÙÙŠØ±Ø³Øª Ø³ØªÙŠØ¨
Ù…Ø§Ø¹Ø±ÙØ´ Ù‡Ù„ Ù‡Ùˆ Ø³Ù…ÙŠØ± Ø²ÙƒÙŠ Ø£Ù… Ù‚Ø±ÙŠÙ†Ù‡ Ø£Ù… Ø´ÙŠØ·Ø§Ù†Ù‡ Ø£Ù… Ù†ÙØ³Ù‡ Ø§Ù„Ø£Ù…Ø§Ø±Ø© Ø¨Ø§Ù„Ø³ÙˆØ¡
Ø§Ù„Ù…Ù‡Ù… ÙˆØ§Ø­Ø¯ Ù…Ù† Ø§Ù„Ø£Ø±Ø¨Ø¹Ø©",Al-Fida
1063592002497974273,inst: danisouza17  â™’,2018-11-17 00:37:48,O bgl ta louco tio meÃ§as sua palavras.,Sidi Belyout
1063591599970635776,Samir Zaki,2018-11-17 00:36:12,@AMALAHM74 ÙŠÙ„Ø§ ØªØµØ¨Ø­ÙŠ Ø¹Ù„Ù‰ Ø®ÙŠØ±,Al-Fida
1063591415639359488,Philippe Jr,2018-11-17 00:35:28,Ã‡a dÃ©pend des moches hin mdr ğŸ˜‚ https://t.co/wIxJxC4zMP,Sidi Belyout
1063591236093833216,Samir Zaki,2018-11-17 00:34:45,"@AMALAHM74 Ø§Ø¸Ù† Ø§Ù„Ù„ÙŠ Ù…Ø´ Ù…ÙÙ‡ÙˆÙ… Ù‡ÙŠ ØªØªÙÙ„Ù‚
Ùˆ Ø§Ù„ÙƒÙ„Ù…Ø© Ù…Ø´ØªÙ‚Ø© Ù…Ù† ÙØ¹Ù„ Ø§Ù†ÙÙ„Ù‚ Ùˆ Ù†Ø·Ù„Ù‚Ù‡Ø§ Ø¹Ù„Ù‰ Ø§Ù„Ø¶Ø±Ø¨Ø© Ø§Ù„Ù‚ÙˆÙŠØ© Ø§Ù„ØªÙŠ ÙŠØªÙ„Ù‚Ø§Ù‡Ø§ Ø§Ù„Ø±Ø£Ø³
Ø¨Ù…Ø¹â€¦ https://t.co/szSXKR12xz",Al-Fida
1063590811575701504,Philippe Jr,2018-11-17 00:33:04,Parce quâ€™on est pas sensÃ© demander. https://t.co/vwKhDTaCiw,Sidi Belyout
1063590703358504960,âµ£ Hajj Marwane Officiel âµ£,2018-11-17 00:32:38,"Par Allah on vs attend on va vous rouwen, cette fois ci mettez pas de bus en dÃ©fense https://t.co/3QaTau6woj",Nador
1063590428019183618,âµ£ Hajj Marwane Officiel âµ£,2018-11-17 00:31:33,"Ils vous ont fumer comme la bonne herbe de Meda, douce et prenante https://t.co/78GQgX4xz6",Nador
1063590260519641089,Samir Zaki,2018-11-17 00:30:53,"@AMALAHM74 ÙŠÙ‚ÙˆÙ„ Ø§Ù„Ù…Ø«Ù„ Ø§Ù„Ù…ØºØ±Ø¨ÙŠ
Ù„Ø§ ØªØªØ¹Ù„Ù‚ Ø£ÙŠÙ† ØªØªÙÙ„Ù‚",Al-Fida
1063590259823382528,Philippe Jr,2018-11-17 00:30:53,Le string Câ€™est sensÃ© Ãªtre Ã©lÃ©ment ? Justice merdique hin https://t.co/t73T02F2qZ,Sidi Belyout
1063590177170427910,Samir Zaki,2018-11-17 00:30:33,Ø£ÙØ¶Ù„ Ù…Ù† Ù‚Ø§Ù… Ø¨Ø§Ù„Ø­Ø±ÙƒØ© https://t.co/U3a5dB5UH8,Al-Fida
1063590113618395137,"Nicoa Dunne, Coach",2018-11-17 00:30:18,"DAY TWO:
â€œNooooo Thank Youuu!â€ I wasnâ€™t really interested in having that snake wrapped around my neck today in theâ€¦ https://t.co/9oBCaEHnXZ",Marrakesh Medina
1063589431423180800,âµ£ Hajj Marwane Officiel âµ£,2018-11-17 00:27:35,HAHAHAHAHAHHAHA des vrais Wallons ah sahbe https://t.co/FLWjkgz617,Nador
1063589099712450560,Faby San MartÃ­n,2018-11-17 00:26:16,"Medina de Fez - CurtidurÃ­a Chouwara ğŸ‡²ğŸ‡¦ 

#medina #fes #fez #morocco #marruecos #travel #travelbloggerâ€¦ https://t.co/v4iTJhVvzv",Fez Medina
1063588832472383489,ğŸ‡¸ğŸ‡³El Hadji Abdoulaye NiassğŸ‡¸ğŸ‡³,2018-11-17 00:25:12,#Gamou2018 #jour9 https://t.co/oerRXXKH9s,AÃ®n Chock
1063587579252146181,Morocco Cheap Tours,2018-11-17 00:20:14,"Every journey should inspire new ways of looking at the world.
 ---- Don't forget to follow us @M_CheapTours 
-----â€¦ https://t.co/G6YSImcMoi",Marrakesh Medina
1063586982037790720,ChepeeğŸ”¥,2018-11-17 00:17:51,@JokerAkys Je te dis heinğŸ˜‚,Mohammedia
1063586762113671168,chiÃ¢a abdellah Ø´ÙŠØ¹Ø§,2018-11-17 00:16:59,@Alchahedi1234m1 Ù„Ø§ Ø­ÙˆÙ„ ÙˆÙ„Ø§ Ù‚ÙˆØ© Ø§Ù„Ø§ Ø¨Ø§Ù„Ù„Ù‡ Ø§Ù„Ø¹Ù„ÙŠ Ø§Ù„Ø¹Ø¸ÙŠÙ…. Ø¹Ø¸Ù… Ø§Ù„Ù„Ù‡ Ø§Ø¬Ø±ÙƒÙ…,Agadir
1063586602264510467,Hzddzn,2018-11-17 00:16:21,P,Targuist
1063586265973571584,Ø£.Ø¯.ÙÙ‡Ø¯ Ø§Ù„Ø¬Ù‡Ù†ÙŠ,2018-11-17 00:15:00,@sai7_s7 ØµØ¯Ù‚Øª ÙˆÙ…Ø§ Ø¨Ø§Ù„ØºØª ØŒ Ù‡ÙŠ ÙˆØ§Ù„Ù„Ù‡ ÙƒØ°Ù„Ùƒ :(,Gueliz
1063585920451059712,ÙÙ€Ù€Ù€Ù“ ğŸ’ğŸ‘‘,2018-11-17 00:13:38,@Sms16Leo ğŸ’ªğŸ¼ğŸ‡²ğŸ‡¦,Gueliz
1063585018524680193,ÙÙ€Ù€Ù€Ù“ ğŸ’ğŸ‘‘,2018-11-17 00:10:03,"#Ø§Ù„Ù…ØºØ±Ø¨_Ø§Ù„ÙƒØ§Ù…ÙŠØ±ÙˆÙ†
â™¥ï¸Awwwww
ğŸ˜ğŸ˜ğŸ˜ğŸ˜
ğŸ’ªğŸ¼ğŸ‡²ğŸ‡¦ https://t.co/tItjwPGdmb",Gueliz
1063584845065015297,Clio Eddy,2018-11-17 00:09:22,"BMW X5

#bmw #x5 #car #supercar #rare #legend #classic #iconic #hypercar #bmwx5 #newx5 Ã  DÃ©sert Dâ€™agafay sud Marrakâ€¦ https://t.co/NADNublj4B",Gueliz
1063584665481695232,ÙÙ€Ù€Ù€Ù“ ğŸ’ğŸ‘‘,2018-11-17 00:08:39,@Sms16Leo ğŸ‘ğŸ»ğŸ‘ğŸ»ğŸ‘ğŸ» exactly,Gueliz
1063584514490945536,Gastone Depuchi ğŸ‡²ğŸ‡¦ğŸ‡«ğŸ‡·,2018-11-17 00:08:03,"@LACPURE @RTLFrance @nicodomenach en dehors de Zemmour.... (en gros le gars totalement en roue libre, il dit tout câ€¦ https://t.co/RipodHXi4Q",MeknÃ¨s-Tafilalet
1063583311350632450,âµ£ Hajj Marwane Officiel âµ£,2018-11-17 00:03:16,Drares nsm lâ€™Unif dans un mois jâ€™reviens une smaine jâ€™mâ€™en bat les c,Nador
1063583173081251841,âµ£ Hajj Marwane Officiel âµ£,2018-11-17 00:02:43,Câ€™est pas Nador qui me quiiittteeeuuhh câ€™est moi jâ€™quitteuuhh Nador,Nador
1063583046971076608,Chankai au! ğŸ“Œ,2018-11-17 00:02:13,No shit why? https://t.co/a9RX1Su2ZD,Mohammedia
1063582721283420160,@zouhairidrissi5,2018-11-17 00:00:55,@AchrafHakimi Bravo,Tangier Medina
1063582551623827456,âµ£ Hajj Marwane Officiel âµ£,2018-11-17 00:00:15,@ZuuuuzYmz Jâ€™pense aussi HAHAH,Nador
